<annotation>
	<folder>images</folder>
	<filename>frame_029.jpg</filename>
	<path>/Users/nick/Desktop/1231/second/datasets/images/frame_029.jpg</path>
	<source>
		<database>Unknown</database>
	</source>
	<size>
		<width>852</width>
		<height>480</height>
		<depth>3</depth>
	</size>
	<segmented>0</segmented>
	<object>
		<name>fire</name>
		<pose>Unspecified</pose>
		<truncated>0</truncated>
		<difficult>0</difficult>
		<bndbox>
			<xmin>231</xmin>
			<ymin>283</ymin>
			<xmax>444</xmax>
			<ymax>410</ymax>
		</bndbox>
	</object>
</annotation>
