<annotation>
	<folder>images</folder>
	<filename>frame_015.jpg</filename>
	<path>/Users/nick/Desktop/1231/second/datasets/images/frame_015.jpg</path>
	<source>
		<database>Unknown</database>
	</source>
	<size>
		<width>852</width>
		<height>480</height>
		<depth>3</depth>
	</size>
	<segmented>0</segmented>
	<object>
		<name>fire</name>
		<pose>Unspecified</pose>
		<truncated>0</truncated>
		<difficult>0</difficult>
		<bndbox>
			<xmin>174</xmin>
			<ymin>240</ymin>
			<xmax>420</xmax>
			<ymax>395</ymax>
		</bndbox>
	</object>
</annotation>
