<annotation>
	<folder>images</folder>
	<filename>frame_005.jpg</filename>
	<path>/Users/nick/Desktop/1231/second/datasets/images/frame_005.jpg</path>
	<source>
		<database>Unknown</database>
	</source>
	<size>
		<width>852</width>
		<height>480</height>
		<depth>3</depth>
	</size>
	<segmented>0</segmented>
	<object>
		<name>fire</name>
		<pose>Unspecified</pose>
		<truncated>0</truncated>
		<difficult>0</difficult>
		<bndbox>
			<xmin>106</xmin>
			<ymin>278</ymin>
			<xmax>222</xmax>
			<ymax>394</ymax>
		</bndbox>
	</object>
</annotation>
